"address","amount",""
"0xFc03756d9C89427dE703d3c9E27e80d8090B149A","95035201560000000000000",""
"0x33226cF941867F49e87a9fcbB0325833f771CC9F","4000000000000000000000",""
"0x99988439043709F21f6dd017d101d0162CDe7B3d","4000000000000000000000",""
"0xF7993e93bFf57217650D3A12F6f7f5E687fA0083","1644320243100000000000000",""
"0xa0C4fA727267c81Ea31EeEF566eE8848E556155b","1783976513040000000000000",""
"0xC09FAAe04cA3796BdaBFe8A3582FA69e9243c657","2000000000000000000000",""
"","",""
"","",""
"","",""
"","",""
"","",""
"","",""
"","",""
"","",""